ID,Name,Age,City
1,Alexander,33,Baltimore
2,Amelia,24,Albuquerque
3,Aria,26,Orlando
4,Aubrey,27,Cincinnati
5,Ava,26,Portland
6,Benjamin,36,Jacksonville
7,Carter,27,Omaha
8,Chloe,22,Fort Worth
9,Elijah,28,Memphis
10,Ella,22,Nashville
11,Emma,23,San Diego
12,Hannah,25,Seattle
13,Harper,29,Charlotte
14,Henry,35,Austin
15,Isabella,27,Philadelphia
16,Jack,27,Denver
17,James,31,Indianapolis
18,Layla,23,El Paso
19,Liam,28,Dallas
20,Lily,25,Salt Lake City
21,Logan,24,Las Vegas
22,Mason,32,Phoenix
23,Mia,25,San Jose
24,Noah,34,Atlanta
25,Owen,29,Kansas City
26,Samuel,31,San Francisco
27,Scarlett,28,Columbus
28,Sofia,23,Milwaukee
29,William,30,San Antonio
30,Wyatt,34,Fresno
